pattern,kernel,n,nnz,sparsity,cycles,instret,vec_iters,avg_vl,gathers,maxrelerr,status
uniform,csr_rvv,128,16384,0.0,99735,99734,4096,4.0,4096,3.84e-06,PASS
uniform,csr_rvv,128,14741,0.1003,91072,91071,3735,3.95,3735,2.41e-05,PASS
uniform,csr_rvv,128,13056,0.2031,80872,80871,3310,3.94,3310,5.2e-06,PASS
uniform,csr_rvv,128,11470,0.2999,71392,71391,2915,3.93,2915,4.96e-06,PASS
uniform,csr_rvv,128,9792,0.4023,61408,61407,2499,3.92,2499,2.75e-06,PASS
uniform,csr_rvv,32,485,0.5264,3544,3543,132,3.67,132,1.11e-06,PASS
uniform,csr_rvv,128,3311,0.7979,22480,22479,877,3.78,877,1.46e-05,PASS
uniform,csr_rvv,128,1681,0.8974,12592,12591,465,3.62,465,2.84e-06,PASS
uniform,csr_rvv,128,852,0.948,7744,7743,263,3.24,263,2.09e-06,PASS
uniform,csr_rvv,128,183,0.9888,3736,3735,96,1.91,96,3.04e-07,PASS
uniform,dense_rvv,128,16384,0.0,169117,169117,4096,4.0,0,3.84e-06,PASS
uniform,dense_rvv,128,14741,0.1003,169118,169118,4096,4.0,0,1.1e-05,PASS
uniform,dense_rvv,128,13056,0.2031,164126,164126,4096,4.0,0,8.81e-06,PASS
uniform,dense_rvv,128,11470,0.2999,169118,169118,4096,4.0,0,5.48e-06,PASS
uniform,dense_rvv,128,9792,0.4023,169118,169118,4096,4.0,0,1.54e-05,PASS
uniform,dense_rvv,32,485,0.5264,5686,5686,256,4.0,0,1.4e-06,PASS
uniform,dense_rvv,128,3311,0.7979,164126,164126,4096,4.0,0,6.79e-06,PASS
uniform,dense_rvv,128,1681,0.8974,169118,169118,4096,4.0,0,6.16e-06,PASS
uniform,dense_rvv,128,852,0.948,164126,164126,4096,4.0,0,4.66e-05,PASS
uniform,dense_rvv,128,183,0.9888,169117,169117,4096,4.0,0,3.39e-07,PASS
uniform,scalar_csr,128,16384,0.0,324038,324037,0,0.0,0,1.13e-05,PASS
uniform,scalar_csr,128,14741,0.1003,288734,288734,0,0.0,0,1.76e-05,PASS
uniform,scalar_csr,128,13056,0.2031,258182,258182,0,0.0,0,1.58e-05,PASS
uniform,scalar_csr,128,11470,0.2999,228521,228521,0,0.0,0,4.56e-06,PASS
uniform,scalar_csr,128,9792,0.4023,198032,198032,0,0.0,0,6.58e-06,PASS
uniform,scalar_csr,32,485,0.5264,15188,15188,0,0.0,0,8.91e-07,PASS
uniform,scalar_csr,128,3311,0.7979,73026,73026,0,0.0,0,7.57e-06,PASS
uniform,scalar_csr,128,1681,0.8974,42969,42969,0,0.0,0,7.69e-06,PASS
uniform,scalar_csr,128,852,0.948,25250,25250,0,0.0,0,5.83e-06,PASS
uniform,scalar_csr,128,183,0.9888,13795,13795,0,0.0,0,3.04e-07,PASS
