pattern,kernel,n,nnz,sparsity,vlmax,cycles,instret,cold_instret,vec_iters,avg_vl,gathers,maxrelerr,status
banded,csr_rvv,128,12352,0.2461,4,39058,39057,39056,3136,3.94,3136,7.14e-05,PASS
banded,csr_rvv,128,11554,0.2948,4,36706,36705,36704,2940,3.93,2940,2.66e-06,PASS
banded,csr_rvv,128,10532,0.3572,4,33562,33561,33560,2678,3.93,2678,1e-05,PASS
banded,csr_rvv,128,9578,0.4154,4,30682,30681,30680,2438,3.93,2438,7.32e-06,PASS
banded,csr_rvv,128,8374,0.4889,4,27346,27345,27344,2160,3.88,2160,6.66e-06,PASS
banded,csr_rvv,128,7264,0.5566,4,24082,24081,24080,1888,3.85,1888,3.09e-05,PASS
banded,csr_rvv,128,3274,0.8002,4,11674,11673,11672,854,3.83,854,1.29e-06,PASS
banded,csr_rvv,128,1622,0.901,4,7378,7377,7376,496,3.27,496,2.05e-06,PASS
banded,csr_rvv,128,884,0.946,4,4474,4473,4472,254,3.48,254,9.31e-06,PASS
banded,csr_rvv,128,382,0.9767,4,2963,2962,2961,128,2.98,128,5.83e-06,PASS
banded,dense_rvv,128,12352,0.2461,4,50322,50322,132247,4096,4.0,0,7.14e-05,PASS
banded,dense_rvv,128,11554,0.2948,4,50322,50322,127255,4096,4.0,0,2.66e-06,PASS
banded,dense_rvv,128,10532,0.3572,4,50322,50322,127255,4096,4.0,0,1e-05,PASS
banded,dense_rvv,128,9578,0.4154,4,50322,50322,132247,4096,4.0,0,7.32e-06,PASS
banded,dense_rvv,128,8374,0.4889,4,50322,50322,132247,4096,4.0,0,6.66e-06,PASS
banded,dense_rvv,128,7264,0.5566,4,50322,50322,132247,4096,4.0,0,5.75e-06,PASS
banded,dense_rvv,128,3274,0.8002,4,50322,50322,127255,4096,4.0,0,1.82e-06,PASS
banded,dense_rvv,128,1622,0.901,4,50322,50322,132247,4096,4.0,0,1.09e-06,PASS
banded,dense_rvv,128,884,0.946,4,50322,50322,132247,4096,4.0,0,9.31e-06,PASS
banded,dense_rvv,128,382,0.9767,4,50322,50322,132247,4096,4.0,0,5.83e-06,PASS
banded,scalar_csr,128,12352,0.2461,4,113357,113357,246716,0,0.0,0,4.93e-05,PASS
banded,scalar_csr,128,11554,0.2948,4,106175,106175,229276,0,0.0,0,8.77e-06,PASS
banded,scalar_csr,128,10532,0.3572,4,96977,96977,209820,0,0.0,0,1.23e-05,PASS
banded,scalar_csr,128,9578,0.4154,4,88391,88391,190976,0,0.0,0,7.51e-06,PASS
banded,scalar_csr,128,8374,0.4889,4,77555,77555,169882,0,0.0,0,3.78e-06,PASS
banded,scalar_csr,128,7264,0.5566,4,67565,67565,149634,0,0.0,0,2.11e-05,PASS
banded,scalar_csr,128,3274,0.8002,4,31655,31655,72692,0,0.0,0,2.17e-06,PASS
banded,scalar_csr,128,1622,0.901,4,16787,16787,42437,0,0.0,0,5.91e-06,PASS
banded,scalar_csr,128,884,0.946,4,10145,10145,25537,0,0.0,0,8.57e-06,PASS
banded,scalar_csr,128,382,0.9767,4,5627,5627,15892,0,0.0,0,2.52e-06,PASS
block,csr_rvv,128,16384,0.0,4,50578,50577,50576,4096,4.0,4096,4.21e-06,PASS
block,csr_rvv,128,14592,0.1094,4,45202,45201,45200,3648,4.0,3648,1.59e-05,PASS
block,csr_rvv,128,13184,0.1953,4,40978,40977,40976,3296,4.0,3296,1.78e-05,PASS
block,csr_rvv,128,10944,0.332,4,34258,34257,34256,2736,4.0,2736,2.01e-05,PASS
block,csr_rvv,128,9408,0.4258,4,29650,29649,29648,2352,4.0,2352,0.000231,PASS
block,csr_rvv,128,8704,0.4688,4,27538,27537,27536,2176,4.0,2176,4.05e-06,PASS
block,csr_rvv,128,3456,0.7891,4,11794,11793,11792,864,4.0,864,5.44e-06,PASS
block,csr_rvv,128,1856,0.8867,4,6994,6993,6992,464,4.0,464,2.13e-06,PASS
block,csr_rvv,128,960,0.9414,4,4306,4305,4304,240,4.0,240,3.03e-06,PASS
block,csr_rvv,128,384,0.9766,4,2578,2577,2576,96,4.0,96,4.89e-06,PASS
block,dense_rvv,128,16384,0.0,4,50322,50322,132247,4096,4.0,0,4.21e-06,PASS
block,dense_rvv,128,14592,0.1094,4,50322,50322,127255,4096,4.0,0,1.59e-05,PASS
block,dense_rvv,128,13184,0.1953,4,50322,50322,132247,4096,4.0,0,1.78e-05,PASS
block,dense_rvv,128,10944,0.332,4,50322,50322,127255,4096,4.0,0,2.01e-05,PASS
block,dense_rvv,128,9408,0.4258,4,50322,50322,127255,4096,4.0,0,0.000231,PASS
block,dense_rvv,128,8704,0.4688,4,50322,50322,132247,4096,4.0,0,4.05e-06,PASS
block,dense_rvv,128,3456,0.7891,4,50322,50322,132247,4096,4.0,0,5.44e-06,PASS
block,dense_rvv,128,1856,0.8867,4,50322,50322,127255,4096,4.0,0,2.13e-06,PASS
block,dense_rvv,128,960,0.9414,4,50322,50322,132247,4096,4.0,0,3.03e-06,PASS
block,dense_rvv,128,384,0.9766,4,50322,50322,132247,4096,4.0,0,4.89e-06,PASS
block,scalar_csr,128,16384,0.0,4,149645,149645,324036,0,0.0,0,1.56e-05,PASS
block,scalar_csr,128,14592,0.1094,4,133517,133517,287392,0,0.0,0,1.08e-05,PASS
block,scalar_csr,128,13184,0.1953,4,120845,120845,259333,0,0.0,0,1.64e-05,PASS
block,scalar_csr,128,10944,0.332,4,100685,100685,218657,0,0.0,0,4.51e-05,PASS
block,scalar_csr,128,9408,0.4258,4,86861,86861,189446,0,0.0,0,0.000136,PASS
block,scalar_csr,128,8704,0.4688,4,80525,80525,177981,0,0.0,0,3.05e-06,PASS
block,scalar_csr,128,3456,0.7891,4,33293,33293,74330,0,0.0,0,2.17e-06,PASS
block,scalar_csr,128,1856,0.8867,4,18677,18677,44327,0,0.0,0,1.16e-06,PASS
block,scalar_csr,128,960,0.9414,4,10397,10397,30918,0,0.0,0,1.51e-06,PASS
block,scalar_csr,128,384,0.9766,4,4853,4853,15117,0,0.0,0,5.79e-07,PASS
uniform,csr_rvv,128,16384,0.0,4,50578,50577,50576,4096,4.0,4096,3.84e-06,PASS
uniform,csr_rvv,128,14741,0.1003,4,46246,46245,46244,3735,3.95,3735,2.41e-05,PASS
uniform,csr_rvv,128,13056,0.2031,4,41146,41145,41144,3310,3.94,3310,5.2e-06,PASS
uniform,csr_rvv,128,11470,0.2999,4,36406,36405,36404,2915,3.93,2915,4.96e-06,PASS
uniform,csr_rvv,128,9792,0.4023,4,31414,31413,31412,2499,3.92,2499,2.75e-06,PASS
uniform,csr_rvv,128,8246,0.4967,4,26770,26769,26768,2112,3.9,2112,1.73e-06,PASS
uniform,csr_rvv,128,3311,0.7979,4,11950,11949,11948,877,3.78,877,1.46e-05,PASS
uniform,csr_rvv,128,1681,0.8974,4,7006,7005,7004,465,3.62,465,2.84e-06,PASS
uniform,csr_rvv,128,852,0.948,4,4582,4581,4580,263,3.24,263,2.09e-06,PASS
uniform,csr_rvv,128,183,0.9888,4,2579,2578,2577,96,1.91,96,3.04e-07,PASS
uniform,dense_rvv,128,16384,0.0,4,50322,50322,132247,4096,4.0,0,3.84e-06,PASS
uniform,dense_rvv,128,14741,0.1003,4,50322,50322,132247,4096,4.0,0,1.1e-05,PASS
uniform,dense_rvv,128,13056,0.2031,4,50322,50322,127255,4096,4.0,0,8.81e-06,PASS
uniform,dense_rvv,128,11470,0.2999,4,50322,50322,127255,4096,4.0,0,5.48e-06,PASS
uniform,dense_rvv,128,9792,0.4023,4,50322,50322,132247,4096,4.0,0,1.54e-05,PASS
uniform,dense_rvv,128,8246,0.4967,4,50322,50322,132247,4096,4.0,0,2.37e-06,PASS
uniform,dense_rvv,128,3311,0.7979,4,50322,50322,127255,4096,4.0,0,6.79e-06,PASS
uniform,dense_rvv,128,1681,0.8974,4,50322,50322,132247,4096,4.0,0,6.16e-06,PASS
uniform,dense_rvv,128,852,0.948,4,50322,50322,127255,4096,4.0,0,4.66e-05,PASS
uniform,dense_rvv,128,183,0.9888,4,50322,50322,132247,4096,4.0,0,3.39e-07,PASS
uniform,scalar_csr,128,16384,0.0,4,149645,149645,324036,0,0.0,0,1.13e-05,PASS
uniform,scalar_csr,128,14741,0.1003,4,134858,134858,293862,0,0.0,0,1.76e-05,PASS
uniform,scalar_csr,128,13056,0.2031,4,119693,119693,258181,0,0.0,0,1.58e-05,PASS
uniform,scalar_csr,128,11470,0.2999,4,105419,105419,228520,0,0.0,0,4.56e-06,PASS
uniform,scalar_csr,128,9792,0.4023,4,90317,90317,198031,0,0.0,0,6.58e-06,PASS
uniform,scalar_csr,128,8246,0.4967,4,76403,76403,168730,0,0.0,0,2.57e-06,PASS
uniform,scalar_csr,128,3311,0.7979,4,31988,31988,73025,0,0.0,0,7.57e-06,PASS
uniform,scalar_csr,128,1681,0.8974,4,17318,17318,42968,0,0.0,0,7.69e-06,PASS
uniform,scalar_csr,128,852,0.948,4,9857,9857,25249,0,0.0,0,5.83e-06,PASS
uniform,scalar_csr,128,183,0.9888,4,3530,3530,13795,0,0.0,0,3.04e-07,PASS
